,,BB,GA,,,,,,,
,,,,,,,,,,
,,BB - MORIN KACANG TANAH,AT - AKRILIK KULKAS,,,,,,,
,,BB - MUSHROOM CHAMPIGNONS,AT - ALAT PEMBERSIH KACA IKEA,,,,,,,
,,BB - SANTAN,AT - ALAT PERKAKAS IKEA,,,,,,,
,,BB - SEDANI MAKARONI PIPA,AT - AYAKAN TEPUNG,,,,,,,
,,BB - TELUR AYAM,AT - BANGKU PLASTIK,,,,,,,
,,BH - KELAPA,AT - BASKOM 36,,,,,,,
,,BH - LEMON,AT - BOTOL SEMPROTAN,,,,,,,
,,BH - NANAS,AT - BOX CONTAINER 2066 BIRU,,,,,,,
,,BH - PISANG,AT - BOX CONTAINER SAMLA 65 LITER,,,,,,,
,,BI - JINTAN,"AT - BOX SET GLOVES, HAIRNET & ROLL GANTUNG",,,,,,,
,,BI - PALA 1KG,AT - DISPENSER TISSU,,,,,,,
,,BK - CAYENNE PEPPER 1KG,AT - EMBER SESUAI WARNA KAIN,,,,,,,
,,BK - KOEPOE-KOEPOE KAYU MANIS 1KG,AT - FOODPAN SS 1/4x10 CM,,,,,,,
,,BK - KOEPOE-KOEPOE SODA KUE,AT - FOODPAN SS 1/6x10 CM,,,,,,,
,,BK - MINUMAN COKLAT 1KG,AT - GAGANG PEL KRISBOW,,,,,,,
,,BK - MINUMAN MATCHA 1 KG,AT - GAGANG PEL TORNADO MOP,,,,,,,
,,BK - SMOKE POWDER 500GR,AT - GAYUNG,,,,,,,
,,BK - SMOKED PAPRIKA POWDER 1KG,AT - GELAS TAKAR 2 LITER,,,,,,,
,,BR - ANCHOR SALTED 2KG,AT - GELAS TAKAR 3 LITER,,,,,,,
,,BR - BLUEBAND MASTER,AT - KAIN PEL REFIL PUTIH BULAT,,,,,,,
,,BR - MOTHER CHOICE,AT - KANEBO,,,,,,,
,,"BR - WYSMAN 2,27 KG",AT - KAPE,,,,,,,
,,BU - AJINOMOTO SEASONING 1KG,AT - KESET LANTAI PVC,,,,,,,
,,BU - CENGKEH,AT - KEYBOARD SET WIRELESS LOGITECH,,,,,,,
,,BU - DOLPHIN GARAM 1KG,"AT - KIPAS ANGIN REGENCY 18""",,,,,,,
,,BU - JAYS INDIAN CURRY POWDER 1KG,AT - KITCHEN TIMER,,,,,,,
,,BU - KAYU MANIS BATANG,AT - KOTAK P3K,,,,,,,
,,BU - KNORR CHICKEN SEASONING POWDER 1KG,AT - KUAS SANNENG - SN4117,,,,,,,
,,BU - LADAKU 1KG,AT - LOGITECH MOUSE,,,,,,,
,,BU - STAR ANISE,AT - LOYANG LAPIS SUJI,,,,,,,
,,CT - TULIP FILLING CHOCOLATE PASTE 5 KG,AT - LOYANG MAKARONI,,,,,,AT - KUAS SANNENG SN41104,
,,DG - AYAM FILLET,AT - LOYANG RISOL,,,,,,AT - KUAS SANNENG SN41194,
,,DG - DAGING GILING,AT - LOYANG SS NON TEFLON 60x40,,,,,,,
,,DG - DAGING SAPI,AT - MAGNET PISAU,,,,,,,
,,DN - BAWANG,AT - MANGKUK BUMBU 12CM,,,,,,,
,,DN - KARI,AT - PALLET NPK 1005S,,,,,,,
,,DN - OREGANO 250GR,AT - PAPAN TULIS,,,,,,,
,,DN - PANDAN,AT - PEMATIK GAS,,,,,,,
,,DN - PARSLEY 25GR,AT - PEMBUKA KALENG VICTORINOX,,,,,,,
,,DN - SLEDRI,AT - PENGASAH PISAU,,,,,,,
,,DN - SUJI,AT - PENGKI NAGATA,,,,,,,
,,DN - THYME 1KG,AT - PISAU KRISS,,,,,,,
,,EE - HAMER KOPI MOKA,AT - RAKET NYAMUK KRISBOW,,,,,,,
,,EE - RED BELL VANILLA,AT - REFIL TORNADO MOP,,,,,,,
,,FG - TRANS KACANG MERAH 1 KG,AT - ROLL BAJU,,,,,,,
,,FN - BERNARDI SMOKED BEEF - SO,AT - SAPU LIDI GAGANG,,,,,,,
,,FN - BERNARDI SMOKED BEEF - VP,AT - SAPU NAGATA,,,,,,,
,,FN - BR (BUTTER ROLLS),AT - SAPU SARANG LABA-LABA,,,,,,,
,,FN - GOLDEN FARM JAGUNG 1KG,AT - SARINGAN BASKOM,,,,,,,
,,FN - SUNNYGOLD SOSIS 12PCS,AT - SARINGAN GREASE TRAP,,,,,,,
,,GA - CAP KERBAU AREN,AT - SARINGAN PANDAN,,,,,,,
,,GA - CASTOR 1KG,AT - SARUNG TANGAN CUCI UK. L,,,,,,,
,,GA - FIESTA ICING SUGAR,AT - SCRAPER - SN4052,,,,,,,
,,GA - GMP GULA PASIR,AT - SEKOP STAINLESS,,,,,,,
,,GA - RICCOMAN DARK BROWN SUGAR 1KG,AT - SELANG BENANG TOYO 5/8,,,,,,,
,,KI - KOPI  INDOCAFE ORIGINAL BLEND,AT - SENAR GITAR,,,,,,,
,,KJ - ANCHOR CREAM CHEESE 1KG,AT - SENDOK ELEGANT,,,,,,,
,,KJ - CHEESY CREAM CHEESE 2KG,AT - SIGN HATI-HATI LANTAI LICIN,,,,,,,
,,KJ - CHEESY MOZZARELLA 250GR,AT - SIKAT CUCI NAGATA,,,,,,,
,,KJ - CHEESY MOZZARELLA 2KG,AT - SIKAT LANTAI BERGAGANG,,,,,,,
,,KJ - DAIRYGOLD 1.9KG,AT - SILICON SPATULA SN4757,,,,,,,
,,KJ - PROCHIZ GOLD 2KG,AT - SILICON SPATULA SN4759,,,,,,,
,,KJ - YUMMY CREAM CHEESE 2KG,AT - SPATULA KAYU TANICA,,,,,,,
,,KS - BEST FRESH BAKING PAPER,AT - SPATULA MALAYSIA BESAR,,,,,,,
,,ME - DIAMOND CLASSIC  4LTR,AT - SPATULA MALAYSIA KECIL,,,,,,,
,,ME - HELLMANN'S MAGIC  1LTR,AT - TALENAN,,,,,,,
,,ME - REAL HELLMANN'S 3LTR,AT - TEMPAT CAPITAN,,,,,,,
,,MK - TROPICAL 2 LITER,AT - TEMPAT SAMPAH KRISBOW 6L,,,,,,,
,,PG - KANTONG PLASTIK LOCO 40,AT - THERMOMETER GUN,,,,,,,
,,PG - PLASTIK BAWANG 2 KG,AT - TIMBANGAN 30 KG,,,,,,,
,,PG - PLASTIK UK. 40X60,AT - TIMBANGAN BUMBU ACIS 5 KG,,,,,,,
,,PG - PLASTIK WRAPPING 35,AT - TIRAI PLASTIK PVC,,,,,,,
,,PG - PLASTIK ZIP BUMBU 10X15CM,AT - TONG AIR 60L,,,,,,,BUAH PISANG
,,"PG - PLASTIK ZIP BUMBU 8,7X13 CM",AT - TROLLEY ROTI 15 SUSUN,,,,,,,DAGING TUNA
,,PX - BAKSO AYAM,AT - TUTUP BOX 2666 BIRU,,,,,,,BEST FRESH BAKING PAPER 10LBR
,,PX - COKELAT CUSTARD,AT - TUTUP FOODPAN SS 1/1,,,,,,,IMPROVER SP RYOTO
,,PX - DAGING,AT - TUTUP FOODPAN SS 1/4,,,,,,,KERTAS REFIL LABELLER 2 BARIS MX-6600A
,,PX - KARI,AT - TUTUP FOODPAN SS 1/6,,,,,,,PACKAGING TATAKAN KUE KUE 25
,,PX - MAKARONI,AT - WALL CLOCK,,,,,,,
,,PX - POLO NANAS,AT - WHISKS SANNENG,,,,,,,
,,PX - SUSU LUMER,ATK - GUNTING PRODUKSI,,,,,,,
,,PX - WC,ATK - LAKBAN BESAR,,,,,,,
,,PX - WS,ATK - PENGGARIS BESI,,,,,,,
,,SG - PLASTIK SAMPAH 80X100,ATK - PULPEN,,,,,,,
,,SP - COUNTRY KITCHEN SYRUP,ATK - TAPE DISPENSER LAKBAN,,,,,,,
,,SR - BAWANG BOMBAY,SG - BATERAI ENERGIZER AA,,,,,,,
,,SR - BAWANG MERAH,SG - BATERAI ENERGIZER AAA,,,,,,,
,,SR - BAWANG PUTIH,SG - KAIN LAP,,,,,,,
,,SR - KENTANG,SG - MASKER EARLOOP,,,,,,,
,,SR - UBI MERAH,SG - NURSE CAP,,,,,,,
,,SR - WORTEL,SG - REFILL ROLL BAJU,,,,,,,
,,SS - KECAP BANGO 6.2LTR,SG - SARUNG TANGAN LATEX HITAM UK. L,,,,,,,
,,SS - KECAP LEA & PERRINS,SG - TALI RAFIA,,,,,,,
,,SS - SAMBAL ABC 5.5LTR,SN - KAMPER,,,,,,,
,,SS - SAUS TOMATO PASTE WILMOND 500GR,SN - KAPORIT,,,,,,,
,,SS - TOMAT DEL MONTE 5.7LTR,SN - PEL LANTAI LEMON TOPPAS 5L,,,,,,,
,,SU - FN EVAPORASI,SN - RINSO BUBUK,,,,,,,
,,SU - GRAND DAIRY UHT,SN - SABUN COLEK EKONOMI,,,,,,,
,,SU - NU,SN - SPONS CUCI PIRING 3M,,,,,,,
,,SU - SKM CARNATION,SN - VANISH REFILL,,,,,,,
,,TG - CAKRA KEMBAR EMAS 1KG,SN - VIXAL,,,,,,,
,,TG - KETAN ROSE BRAND,,,,,,,,
,,TG - MAIZENAKU,,,,,,,,
,,TG - RAP,,,,,,,,
,,TG - SEGITIGA,,,,,,,,
,,PG - PLASTIK BAWANG 60 X 100,,,,,,,,
,,PG - PLASTIK SEGITIGA BESAR,,,,,,,,
,,PG - PLASTIK UK. 18X25,,,,,,,,
,,PG - PLASTIK VACUM 12x20,,,,,,,,
,,PG - PLASTIK VACUM 15x20,,,,,,,,
,,PG - PLASTIK WRAPPING 40,,,,,,,,
,,PG - PLASTIK WRAPPING BARANG,,,,,,,,
,,PG - PLASTIK WRAPPING BARANG 30,,,,,,,,